Year,Winner,race_ethnicity,count_race,ratio
1928,0,White,6,100.0
1928,1,White,4,100.0
1929,0,White,13,100.0
1929,1,White,3,100.0
1930,0,White,15,100.0
1930,1,White,3,100.0
1931,0,White,12,100.0
1931,1,White,3,100.0
1932,0,White,5,100.0
1932,1,White,4,100.0
1933,0,White,6,100.0
1933,1,White,3,100.0
1934,0,White,7,100.0
1934,1,White,3,100.0
1935,0,Asian,1,8.33
1935,0,White,11,91.67
1935,1,White,3,100.0
1936,0,White,20,100.0
1936,1,White,5,100.0
1937,0,White,20,100.0
1937,1,White,5,100.0
1938,0,White,20,100.0
1938,1,White,5,100.0
1939,1,Black,1,20.0
1939,0,White,20,100.0
1939,1,White,4,80.0
1940,0,White,20,100.0
1940,1,White,5,100.0
1941,0,White,20,100.0
1941,1,White,5,100.0
1942,0,White,20,100.0
1942,1,White,5,100.0
1943,0,White,20,100.0
1943,1,White,5,100.0
1944,0,White,20,100.0
1944,1,White,5,100.0
1945,0,White,20,100.0
1945,1,White,5,100.0
1946,0,White,20,100.0
1946,1,White,5,100.0
1947,0,White,20,100.0
1947,1,White,5,100.0
1948,0,Hispa,1,5.0
1948,0,White,19,95.0
1948,1,White,5,100.0
1949,0,Black,1,5.0
1949,0,White,19,95.0
1949,1,White,5,100.0
1950,1,Hispa,1,20.0
1950,0,White,20,100.0
1950,1,White,4,80.0
1951,0,White,20,100.0
1951,1,White,5,100.0
1952,0,Hispa,1,5.0
1952,1,Hispa,1,20.0
1952,0,White,19,95.0
1952,1,White,4,80.0
1953,0,White,20,100.0
1953,1,White,5,100.0
1954,0,Black,1,5.0
1954,0,Hispa,1,5.0
1954,0,White,18,90.0
1954,1,White,5,100.0
1955,0,White,20,100.0
1955,1,White,5,100.0
1956,1,Hispa,1,20.0
1956,0,White,20,100.0
1956,1,White,4,80.0
1957,0,Asian,1,5.0
1957,1,Asian,1,20.0
1957,0,Hispa,1,5.0
1957,0,White,18,90.0
1957,1,White,4,80.0
1958,0,Black,1,5.0
1958,0,White,19,95.0
1958,1,White,5,100.0
1959,0,Black,1,5.0
1959,0,White,19,95.0
1959,1,White,5,100.0
1960,0,White,20,100.0
1960,1,White,5,100.0
1961,1,Hispa,1,16.67
1961,0,White,20,100.0
1961,1,White,5,83.33
1962,0,Arab ,1,5.0
1962,0,White,19,95.0
1962,1,White,5,100.0
1963,1,Black,1,20.0
1963,0,White,20,100.0
1963,1,White,4,80.0
1964,0,Hispa,1,5.0
1964,0,White,19,95.0
1964,1,White,5,100.0
1965,0,Asian,1,5.0
1965,0,White,19,95.0
1965,1,White,5,100.0
1966,0,Asian,1,5.0
1966,0,Indig,1,5.0
1966,0,White,18,90.0
1966,1,White,5,100.0
1967,0,Black,2,10.0
1967,0,White,18,90.0
1967,1,White,5,100.0
1968,0,White,19,100.0
1968,1,White,6,100.0
1969,0,Black,1,5.0
1969,0,White,19,95.0
1969,1,White,5,100.0
1970,0,Black,1,5.56
1970,0,Indig,1,5.56
1970,0,White,16,88.89
1970,1,White,7,100.0
1971,0,White,20,100.0
1971,1,White,5,100.0
1972,0,Black,3,15.0
1972,0,White,17,85.0
1972,1,White,5,100.0
1973,0,White,20,100.0
1973,1,White,5,100.0
1974,0,Black,1,5.0
1974,0,White,19,95.0
1974,1,White,5,100.0
1975,0,Arab ,1,5.0
1975,0,White,19,95.0
1975,1,White,5,100.0
1976,0,White,20,100.0
1976,1,White,5,100.0
1977,0,White,20,100.0
1977,1,White,5,100.0
1978,0,White,21,100.0
1978,1,White,5,100.0
1979,0,White,20,100.0
1979,1,White,5,100.0
1980,0,White,20,100.0
1980,1,White,5,100.0
1981,0,Black,1,5.0
1981,0,White,19,95.0
1981,1,White,5,100.0
1982,1,Asian,1,20.0
1982,1,Black,1,20.0
1982,0,White,20,100.0
1982,1,White,3,60.0
1983,0,Black,1,5.0
1983,0,White,19,95.0
1983,1,White,5,100.0
1984,0,Asian,1,5.0
1984,1,Asian,1,20.0
1984,0,Black,1,5.0
1984,0,White,18,90.0
1984,1,White,4,80.0
1985,0,Asian,2,10.0
1985,0,Black,3,15.0
1985,0,Hispa,1,5.0
1985,0,White,14,70.0
1985,1,White,5,100.0
1986,0,Black,1,5.0
1986,0,White,19,95.0
1986,1,White,5,100.0
1987,0,Black,2,10.0
1987,0,Hispa,1,5.0
1987,0,White,17,85.0
1987,1,White,5,100.0
1988,0,Black,1,5.0
1988,0,White,19,95.0
1988,1,White,5,100.0
1989,0,Arab ,1,5.0
1989,0,Black,1,5.0
1989,1,Black,1,20.0
1989,0,White,18,90.0
1989,1,White,4,80.0
1990,1,Black,1,20.0
1990,0,Hispa,1,5.0
1990,0,White,19,95.0
1990,1,White,4,80.0
1991,0,Asian,1,5.0
1991,0,Black,1,5.0
1991,0,White,18,90.0
1991,1,White,5,100.0
1992,0,Black,2,10.0
1992,0,White,18,90.0
1992,1,White,5,100.0
1993,0,Black,2,10.0
1993,0,Hispa,1,5.0
1993,0,White,17,85.0
1993,1,White,5,100.0
1994,0,Asian,1,5.0
1994,0,Black,2,10.0
1994,0,White,17,85.0
1994,1,White,5,100.0
1995,0,White,20,100.0
1995,1,White,5,100.0
1996,0,Black,1,5.0
1996,1,Black,1,20.0
1996,0,White,19,95.0
1996,1,White,4,80.0
1997,0,Arab ,1,5.0
1997,0,White,19,95.0
1997,1,White,5,100.0
1998,0,Hispa,1,5.0
1998,0,White,19,95.0
1998,1,White,5,100.0
1999,0,Asian,1,5.0
1999,0,Black,2,10.0
1999,0,White,17,85.0
1999,1,White,5,100.0
2000,0,Asian,1,5.0
2000,1,Hispa,1,20.0
2000,0,White,19,95.0
2000,1,White,4,80.0
2001,0,Asian,1,5.0
2001,0,Black,1,5.0
2001,1,Black,2,40.0
2001,0,White,18,90.0
2001,1,White,3,60.0
2002,0,Black,1,5.0
2002,0,Hispa,1,5.0
2002,0,White,18,90.0
2002,1,White,5,100.0
2003,0,Arab ,1,5.0
2003,0,Asian,2,10.0
2003,0,Black,1,5.0
2003,0,Hispa,1,5.0
2003,0,White,15,75.0
2003,1,White,5,100.0
2004,0,Black,3,15.0
2004,1,Black,2,40.0
2004,0,Hispa,1,5.0
2004,0,White,16,80.0
2004,1,White,3,60.0
2005,1,Asian,1,20.0
2005,0,Black,1,5.0
2005,0,White,19,95.0
2005,1,White,4,80.0
2006,0,Asian,1,5.0
2006,0,Black,3,15.0
2006,1,Black,2,40.0
2006,0,Hispa,1,5.0
2006,0,White,15,75.0
2006,1,White,3,60.0
2007,0,Black,1,5.0
2007,0,White,19,95.0
2007,1,White,5,100.0
2008,0,Black,2,10.0
2008,0,White,18,90.0
2008,1,White,5,100.0
2009,0,Black,3,15.0
2009,1,Black,1,20.0
2009,0,White,17,85.0
2009,1,White,4,80.0
2010,0,White,20,100.0
2010,1,White,5,100.0
2011,0,Black,1,5.0
2011,1,Black,1,20.0
2011,0,Hispa,2,10.0
2011,0,White,17,85.0
2011,1,White,4,80.0
2012,1,Asian,1,20.0
2012,0,Black,2,10.0
2012,0,White,18,90.0
2012,1,White,4,80.0
2013,0,Black,2,10.0
2013,1,Black,1,20.0
2013,0,White,18,90.0
2013,1,White,4,80.0
2014,0,White,20,100.0
2014,1,White,5,100.0
2015,0,White,20,100.0
2015,1,White,5,100.0
